week_ending,week_number,vaxx_status,age_grp,deaths,pop,per_tot_pop,per_100k,lwr_ci,upr_ci
8-Jan-21,1,Unvaccinated,10-59,991,"26,822,400",98.1,3.7,3.5,3.9
8-Jan-21,1,Unvaccinated,60-69,"1,403","5,138,033",98.1,27.3,25.9,28.8
8-Jan-21,1,Unvaccinated,70-79,"2,900","4,153,114",97.3,69.8,67.3,72.4
8-Jan-21,1,Unvaccinated,80+,"6,974","1,686,889",67,413.4,403.8,423.2
15-Jan-21,2,Unvaccinated,10-59,"1,064","26,382,353",96.5,4.0,3.8,4.3
15-Jan-21,2,Unvaccinated,60-69,"1,521","5,055,105",96.5,30.1,28.6,31.6
15-Jan-21,2,Unvaccinated,70-79,"3,096","3,926,823",92,78.8,76.1,81.7
15-Jan-21,2,Unvaccinated,80+,"7,371","1,142,632",45.4,645.1,630.4,660.0
22-Jan-21,3,Unvaccinated,10-59,"1,071","25,883,217",94.7,4.1,3.9,4.4
22-Jan-21,3,Unvaccinated,60-69,"1,523","4,942,033",94.3,30.8,29.3,32.4
22-Jan-21,3,Unvaccinated,70-79,"3,177","3,327,994",78,95.5,92.2,98.8
22-Jan-21,3,Unvaccinated,80+,"6,925","578,036",23,"1,198.0","1,170.0","1,226.6"
29-Jan-21,4,Unvaccinated,10-59,940,"25,426,420",93,3.7,3.5,3.9
29-Jan-21,4,Unvaccinated,60-69,"1,396","4,780,698",91.2,29.2,27.7,30.8
29-Jan-21,4,Unvaccinated,70-79,"2,638","2,352,075",55.1,112.2,107.9,116.5
29-Jan-21,4,Unvaccinated,80+,"5,207","331,261",13.2,"1,571.9","1,529.5","1,615.2"
5-Feb-21,5,Unvaccinated,10-59,898,"25,027,294",91.6,3.6,3.4,3.8
5-Feb-21,5,Unvaccinated,60-69,"1,190","4,486,033",85.6,26.5,25.0,28.1
5-Feb-21,5,Unvaccinated,70-79,"2,086","1,240,283",29.1,168.2,161.0,175.6
5-Feb-21,5,Unvaccinated,80+,"3,520","241,748",9.6,"1,456.1","1,408.4","1,505.0"
12-Feb-21,6,Unvaccinated,10-59,786,"24,560,946",89.9,3.2,3.0,3.4
12-Feb-21,6,Unvaccinated,60-69,"1,087","3,675,747",70.1,29.6,27.8,31.4
12-Feb-21,6,Unvaccinated,70-79,"1,525","513,844",12,296.8,282.1,312.1
12-Feb-21,6,Unvaccinated,80+,"2,492","181,000",7.2,"1,376.8","1,323.3","1,431.9"
19-Feb-21,7,Unvaccinated,10-59,715,"23,836,449",87.2,3.0,2.8,3.2
19-Feb-21,7,Unvaccinated,60-69,925,"2,627,747",50.1,35.2,33.0,37.5
19-Feb-21,7,Unvaccinated,70-79,"1,183","397,190",9.3,297.8,281.1,315.3
19-Feb-21,7,Unvaccinated,80+,"1,860","153,728",6.1,"1,209.9","1,155.6","1,266.2"
26-Feb-21,8,Unvaccinated,10-59,564,"22,789,777",83.4,2.5,2.3,2.7
26-Feb-21,8,Unvaccinated,60-69,654,"1,955,358",37.3,33.4,30.9,36.1
26-Feb-21,8,Unvaccinated,70-79,827,"365,982",8.6,226.0,210.8,241.9
26-Feb-21,8,Unvaccinated,80+,"1,209","138,628",5.5,872.1,823.6,922.7
5-Mar-21,9,Unvaccinated,10-59,493,"21,943,381",80.3,2.2,2.1,2.5
5-Mar-21,9,Unvaccinated,60-69,538,"1,364,888",26,39.4,36.2,42.9
5-Mar-21,9,Unvaccinated,70-79,608,"347,089",8.1,175.2,161.5,189.7
5-Mar-21,9,Unvaccinated,80+,913,"128,184",5.1,712.3,666.8,760.0
12-Mar-21,10,Unvaccinated,10-59,455,"21,134,906",77.4,2.2,2.0,2.4
12-Mar-21,10,Unvaccinated,60-69,400,"893,368",17,44.8,40.5,49.4
12-Mar-21,10,Unvaccinated,70-79,462,"334,797",7.8,138.0,125.7,151.2
12-Mar-21,10,Unvaccinated,80+,742,"120,786",4.8,614.3,570.9,660.1
19-Mar-21,11,Unvaccinated,10-59,367,"19,205,753",70.3,1.9,1.7,2.1
19-Mar-21,11,Unvaccinated,60-69,322,"565,159",10.8,57.0,50.9,63.6
19-Mar-21,11,Unvaccinated,70-79,371,"324,579",7.6,114.3,103.0,126.5
19-Mar-21,11,Unvaccinated,80+,591,"113,901",4.5,518.9,477.9,562.4
26-Mar-21,12,Unvaccinated,10-59,321,"17,445,934",63.9,1.8,1.6,2.1
26-Mar-21,12,Unvaccinated,60-69,284,"434,046",8.3,65.4,58.0,73.5
26-Mar-21,12,Unvaccinated,70-79,296,"315,156",7.4,93.9,83.5,105.3
26-Mar-21,12,Unvaccinated,80+,499,"107,789",4.3,462.9,423.2,505.4
2-Apr-21,13,Unvaccinated,10-59,263,"16,427,186",60.2,1.6,1.4,1.8
2-Apr-21,13,Unvaccinated,60-69,236,"380,620",7.2,62.0,54.3,70.4
2-Apr-21,13,Unvaccinated,70-79,247,"303,286",7.1,81.4,71.6,92.3
2-Apr-21,13,Unvaccinated,80+,414,"100,296",4,412.8,374.0,454.5
9-Apr-21,14,Unvaccinated,10-59,221,"16,200,785",59.4,1.4,1.2,1.6
9-Apr-21,14,Unvaccinated,60-69,201,"364,629",6.9,55.1,47.8,63.3
9-Apr-21,14,Unvaccinated,70-79,261,"287,405",6.7,90.8,80.1,102.5
9-Apr-21,14,Unvaccinated,80+,363,"95,404",3.8,380.5,342.3,421.7
16-Apr-21,15,Unvaccinated,10-59,233,"15,839,558",58.1,1.5,1.3,1.7
16-Apr-21,15,Unvaccinated,60-69,176,"346,967",6.6,50.7,43.5,58.8
16-Apr-21,15,Unvaccinated,70-79,230,"255,714",6,89.9,78.7,102.4
16-Apr-21,15,Unvaccinated,80+,334,"90,559",3.6,368.8,330.3,410.6
23-Apr-21,16,Unvaccinated,10-59,211,"15,336,442",56.3,1.4,1.2,1.6
23-Apr-21,16,Unvaccinated,60-69,164,"327,110",6.2,50.1,42.8,58.4
23-Apr-21,16,Unvaccinated,70-79,186,"167,837",3.9,110.8,95.5,127.9
23-Apr-21,16,Unvaccinated,80+,311,"83,670",3.3,371.7,331.5,415.4
30-Apr-21,17,Unvaccinated,10-59,192,"14,946,544",54.9,1.3,1.1,1.5
30-Apr-21,17,Unvaccinated,60-69,129,"319,522",6.1,40.4,33.7,48.0
30-Apr-21,17,Unvaccinated,70-79,185,"150,177",3.5,123.2,106.1,142.3
30-Apr-21,17,Unvaccinated,80+,274,"80,700",3.2,339.5,300.5,382.2
7-May-21,18,Unvaccinated,10-59,167,"14,476,853",53.2,1.2,1.0,1.3
7-May-21,18,Unvaccinated,60-69,121,"315,346",6,38.4,31.8,45.8
7-May-21,18,Unvaccinated,70-79,147,"146,907",3.4,100.1,84.5,117.6
7-May-21,18,Unvaccinated,80+,226,"79,368",3.2,284.7,248.8,324.4
14-May-21,19,Unvaccinated,10-59,159,"13,857,629",50.9,1.1,1.0,1.3
14-May-21,19,Unvaccinated,60-69,107,"309,589",5.9,34.6,28.3,41.8
14-May-21,19,Unvaccinated,70-79,164,"144,132",3.4,113.8,97.0,132.6
14-May-21,19,Unvaccinated,80+,201,"78,016",3.1,257.6,223.2,295.8
21-May-21,20,Unvaccinated,10-59,171,"13,039,777",47.9,1.3,1.1,1.5
21-May-21,20,Unvaccinated,60-69,107,"303,388",5.8,35.3,28.9,42.6
21-May-21,20,Unvaccinated,70-79,156,"141,892",3.3,109.9,93.4,128.6
21-May-21,20,Unvaccinated,80+,214,"76,754",3.1,278.8,242.7,318.8
28-May-21,21,Unvaccinated,10-59,130,"12,323,898",45.3,1.1,0.9,1.3
28-May-21,21,Unvaccinated,60-69,117,"298,211",5.7,39.2,32.4,47.0
28-May-21,21,Unvaccinated,70-79,114,"140,124",3.3,81.4,67.1,97.7
28-May-21,21,Unvaccinated,80+,161,"75,675",3,212.8,181.2,248.3
4-Jun-21,22,Unvaccinated,10-59,125,"11,832,842",43.5,1.1,0.9,1.3
4-Jun-21,22,Unvaccinated,60-69,100,"295,044",5.6,33.9,27.6,41.2
4-Jun-21,22,Unvaccinated,70-79,116,"139,165",3.2,83.4,68.9,100.0
4-Jun-21,22,Unvaccinated,80+,209,"75,045",3,278.5,242.0,318.9
11-Jun-21,23,Unvaccinated,10-59,121,"11,238,256",41.4,1.1,0.9,1.3
11-Jun-21,23,Unvaccinated,60-69,75,"291,940",5.5,25.7,20.2,32.2
11-Jun-21,23,Unvaccinated,70-79,120,"137,950",3.2,87.0,72.1,104.0
11-Jun-21,23,Unvaccinated,80+,167,"74,229",2.9,225.0,192.1,261.8
18-Jun-21,24,Unvaccinated,10-59,112,"10,455,101",38.5,1.1,0.9,1.3
18-Jun-21,24,Unvaccinated,60-69,89,"289,072",5.5,30.8,24.7,37.9
18-Jun-21,24,Unvaccinated,70-79,112,"136,806",3.2,81.9,67.4,98.5
18-Jun-21,24,Unvaccinated,80+,180,"73,470",2.9,245.0,210.5,283.5
25-Jun-21,25,Unvaccinated,10-59,138,"9,611,379",35.4,1.4,1.2,1.7
25-Jun-21,25,Unvaccinated,60-69,81,"286,381",5.4,28.3,22.5,35.2
25-Jun-21,25,Unvaccinated,70-79,102,"135,901",3.2,75.1,61.2,91.1
25-Jun-21,25,Unvaccinated,80+,182,"72,889",2.9,249.7,214.7,288.7
2-Jul-21,26,Unvaccinated,10-59,119,"9,019,417",33.3,1.3,1.1,1.6
2-Jul-21,26,Unvaccinated,60-69,71,"283,776",5.4,25.0,19.5,31.6
2-Jul-21,26,Unvaccinated,70-79,108,"135,076",3.1,80.0,65.6,96.5
2-Jul-21,26,Unvaccinated,80+,173,"72,342",2.9,239.1,204.8,277.6
9-Jul-21,27,Unvaccinated,10-59,99,"8,666,472",32,1.1,0.9,1.4
9-Jul-21,27,Unvaccinated,60-69,88,"281,585",5.3,31.3,25.1,38.5
9-Jul-21,27,Unvaccinated,70-79,82,"134,378",3.1,61.0,48.5,75.7
9-Jul-21,27,Unvaccinated,80+,183,"71,917",2.9,254.5,218.9,294.1
16-Jul-21,28,Unvaccinated,10-59,101,"8,453,594",31.2,1.2,1.0,1.5
16-Jul-21,28,Unvaccinated,60-69,61,"279,739",5.3,21.8,16.7,28.0
16-Jul-21,28,Unvaccinated,70-79,84,"133,710",3.1,62.8,50.1,77.8
16-Jul-21,28,Unvaccinated,80+,177,"71,529",2.8,247.5,212.3,286.7
23-Jul-21,29,Unvaccinated,10-59,126,"8,297,537",30.6,1.5,1.3,1.8
23-Jul-21,29,Unvaccinated,60-69,89,"278,102",5.3,32.0,25.7,39.4
23-Jul-21,29,Unvaccinated,70-79,107,"133,179",3.1,80.3,65.8,97.1
23-Jul-21,29,Unvaccinated,80+,188,"71,144",2.8,264.3,227.8,304.8
30-Jul-21,30,Unvaccinated,10-59,128,"8,177,953",30.2,1.6,1.3,1.9
30-Jul-21,30,Unvaccinated,60-69,89,"276,769",5.2,32.2,25.8,39.6
30-Jul-21,30,Unvaccinated,70-79,99,"132,742",3.1,74.6,60.6,90.8
30-Jul-21,30,Unvaccinated,80+,188,"70,803",2.8,265.5,228.9,306.3
6-Aug-21,31,Unvaccinated,10-59,117,"8,075,195",29.8,1.4,1.2,1.7
6-Aug-21,31,Unvaccinated,60-69,99,"275,641",5.2,35.9,29.2,43.7
6-Aug-21,31,Unvaccinated,70-79,95,"132,388",3.1,71.8,58.1,87.7
6-Aug-21,31,Unvaccinated,80+,192,"70,501",2.8,272.3,235.2,313.7
13-Aug-21,32,Unvaccinated,10-59,96,"7,950,971",29.4,1.2,1.0,1.5
13-Aug-21,32,Unvaccinated,60-69,90,"274,540",5.2,32.8,26.4,40.3
13-Aug-21,32,Unvaccinated,70-79,83,"132,040",3.1,62.9,50.1,77.9
13-Aug-21,32,Unvaccinated,80+,166,"70,228",2.8,236.4,201.8,275.2
20-Aug-21,33,Unvaccinated,10-59,115,"7,766,772",28.7,1.5,1.2,1.8
20-Aug-21,33,Unvaccinated,60-69,74,"273,609",5.2,27.0,21.2,34.0
20-Aug-21,33,Unvaccinated,70-79,113,"131,779",3,85.7,70.7,103.1
20-Aug-21,33,Unvaccinated,80+,168,"69,996",2.8,240.0,205.1,279.2
27-Aug-21,34,Unvaccinated,10-59,105,"7,542,599",27.9,1.4,1.1,1.7
27-Aug-21,34,Unvaccinated,60-69,69,"272,682",5.1,25.3,19.7,32.0
27-Aug-21,34,Unvaccinated,70-79,100,"131,503",3,76.0,61.9,92.5
27-Aug-21,34,Unvaccinated,80+,198,"69,745",2.8,283.9,245.7,326.3
3-Sep-21,35,Unvaccinated,10-59,106,"7,404,803",27.4,1.4,1.2,1.7
3-Sep-21,35,Unvaccinated,60-69,76,"272,148",5.1,27.9,22.0,35.0
3-Sep-21,35,Unvaccinated,70-79,110,"131,334",3,83.8,68.8,100.9
3-Sep-21,35,Unvaccinated,80+,184,"69,573",2.8,264.5,227.6,305.6
10-Sep-21,36,Unvaccinated,10-59,100,"7,312,771",27.1,1.4,1.1,1.7
10-Sep-21,36,Unvaccinated,60-69,90,"271,550",5.1,33.1,26.7,40.7
10-Sep-21,36,Unvaccinated,70-79,125,"131,158",3,95.3,79.3,113.6
10-Sep-21,36,Unvaccinated,80+,193,"69,366",2.7,278.2,240.4,320.4
17-Sep-21,37,Unvaccinated,10-59,92,"7,241,928",26.8,1.3,1.0,1.6
17-Sep-21,37,Unvaccinated,60-69,73,"270,878",5.1,26.9,21.1,33.9
17-Sep-21,37,Unvaccinated,70-79,87,"130,991",3,66.4,53.2,81.9
17-Sep-21,37,Unvaccinated,80+,174,"69,200",2.7,251.4,215.5,291.7
24-Sep-21,38,Unvaccinated,10-59,68,"7,167,322",26.6,0.9,0.7,1.2
24-Sep-21,38,Unvaccinated,60-69,65,"270,362",5.1,24.0,18.6,30.6
24-Sep-21,38,Unvaccinated,70-79,78,"130,806",3,59.6,47.1,74.4
24-Sep-21,38,Unvaccinated,80+,148,"69,021",2.7,214.4,181.3,251.9
8-Jan-21,1,Within 21 days of first dose,10-59,3,"430,437",1.6,0.7,0.1,2.0
8-Jan-21,1,Within 21 days of first dose,60-69,9,"82,971",1.6,10.8,4.9,20.6
8-Jan-21,1,Within 21 days of first dose,70-79,35,"107,498",2.5,32.6,22.7,45.3
8-Jan-21,1,Within 21 days of first dose,80+,490,"579,912",23,84.5,77.2,92.3
15-Jan-21,2,Within 21 days of first dose,10-59,15,"770,999",2.8,1.9,1.1,3.2
15-Jan-21,2,Within 21 days of first dose,60-69,29,"147,299",2.8,19.7,13.2,28.3
15-Jan-21,2,Within 21 days of first dose,70-79,83,"321,383",7.5,25.8,20.6,32.0
15-Jan-21,2,Within 21 days of first dose,80+,878,"872,962",34.7,100.6,94.0,107.5
22-Jan-21,3,Within 21 days of first dose,10-59,20,"1,170,511",4.3,1.7,1.0,2.6
22-Jan-21,3,Within 21 days of first dose,60-69,52,"241,624",4.6,21.5,16.1,28.2
22-Jan-21,3,Within 21 days of first dose,70-79,229,"899,804",21.1,25.4,22.3,29.0
22-Jan-21,3,Within 21 days of first dose,80+,"1,623","1,330,140",52.9,122.0,116.2,128.1
29-Jan-21,4,Within 21 days of first dose,10-59,25,"1,388,898",5.1,1.8,1.2,2.7
29-Jan-21,4,Within 21 days of first dose,60-69,66,"360,309",6.9,18.3,14.2,23.3
29-Jan-21,4,Within 21 days of first dose,70-79,474,"1,802,713",42.2,26.3,24.0,28.8
29-Jan-21,4,Within 21 days of first dose,80+,"2,439","1,348,067",53.7,180.9,173.8,188.3
5-Feb-21,5,Within 21 days of first dose,10-59,46,"1,348,972",4.9,3.4,2.5,4.5
5-Feb-21,5,Within 21 days of first dose,60-69,68,"571,469",10.9,11.9,9.2,15.1
5-Feb-21,5,Within 21 days of first dose,70-79,614,"2,690,169",63,22.8,21.1,24.7
5-Feb-21,5,Within 21 days of first dose,80+,"1,993","893,664",35.7,223.0,213.3,233.0
12-Feb-21,6,Within 21 days of first dose,10-59,60,"1,316,983",4.8,4.6,3.5,5.9
12-Feb-21,6,Within 21 days of first dose,60-69,123,"1,268,689",24.2,9.7,8.1,11.6
12-Feb-21,6,Within 21 days of first dose,70-79,614,"2,822,670",66.1,21.8,20.1,23.5
12-Feb-21,6,Within 21 days of first dose,80+,"1,158","389,907",15.6,297.0,280.1,314.6
19-Feb-21,7,Within 21 days of first dose,10-59,95,"1,585,561",5.8,6.0,4.8,7.3
19-Feb-21,7,Within 21 days of first dose,60-69,198,"2,155,702",41.1,9.2,7.9,10.6
19-Feb-21,7,Within 21 days of first dose,70-79,565,"1,969,332",46.1,28.7,26.4,31.2
19-Feb-21,7,Within 21 days of first dose,80+,699,"170,030",6.8,411.1,381.2,442.7
26-Feb-21,8,Within 21 days of first dose,10-59,104,"2,233,629",8.2,4.7,3.8,5.6
26-Feb-21,8,Within 21 days of first dose,60-69,238,"2,538,204",48.4,9.4,8.2,10.6
26-Feb-21,8,Within 21 days of first dose,70-79,403,"887,014",20.8,45.4,41.1,50.1
26-Feb-21,8,Within 21 days of first dose,80+,525,"96,741",3.9,542.7,497.2,591.2
5-Mar-21,9,Within 21 days of first dose,10-59,86,"2,613,968",9.6,3.3,2.6,4.1
5-Mar-21,9,Within 21 days of first dose,60-69,187,"2,329,460",44.4,8.0,6.9,9.3
5-Mar-21,9,Within 21 days of first dose,70-79,227,"170,312",4,133.3,116.5,151.8
5-Mar-21,9,Within 21 days of first dose,80+,279,"48,226",1.9,578.5,512.6,650.6
12-Mar-21,10,Within 21 days of first dose,10-59,81,"2,699,353",9.9,3.0,2.4,3.7
12-Mar-21,10,Within 21 days of first dose,60-69,138,"1,755,124",33.4,7.9,6.6,9.3
12-Mar-21,10,Within 21 days of first dose,70-79,94,"62,680",1.5,150.0,121.2,183.5
12-Mar-21,10,Within 21 days of first dose,80+,177,"29,405",1.2,601.9,516.5,697.4
19-Mar-21,11,Within 21 days of first dose,10-59,68,"3,582,118",13.1,1.9,1.5,2.4
19-Mar-21,11,Within 21 days of first dose,60-69,99,"1,408,340",26.8,7.0,5.7,8.6
19-Mar-21,11,Within 21 days of first dose,70-79,63,"41,036",1,153.5,118.0,196.4
19-Mar-21,11,Within 21 days of first dose,80+,118,"21,049",0.8,560.6,464.0,671.4
26-Mar-21,12,Within 21 days of first dose,10-59,86,"4,494,848",16.5,1.9,1.5,2.4
26-Mar-21,12,Within 21 days of first dose,60-69,66,"944,869",18,7.0,5.4,8.9
26-Mar-21,12,Within 21 days of first dose,70-79,45,"29,578",0.7,152.1,111.0,203.6
26-Mar-21,12,Within 21 days of first dose,80+,68,"15,904",0.6,427.6,332.0,542.1
2-Apr-21,13,Within 21 days of first dose,10-59,70,"4,698,057",17.2,1.5,1.2,1.9
2-Apr-21,13,Within 21 days of first dose,60-69,46,"519,786",9.9,8.8,6.5,11.8
2-Apr-21,13,Within 21 days of first dose,70-79,38,"23,408",0.5,162.3,114.9,222.8
2-Apr-21,13,Within 21 days of first dose,80+,55,"13,107",0.5,419.6,316.1,546.2
9-Apr-21,14,Within 21 days of first dose,10-59,52,"2,988,280",11,1.7,1.3,2.3
9-Apr-21,14,Within 21 days of first dose,60-69,34,"198,564",3.8,17.1,11.9,23.9
9-Apr-21,14,Within 21 days of first dose,70-79,21,"16,610",0.4,126.4,78.2,193.3
9-Apr-21,14,Within 21 days of first dose,80+,37,"9,689",0.4,381.9,268.8,526.4
16-Apr-21,15,Within 21 days of first dose,10-59,27,"1,574,762",5.8,1.7,1.1,2.5
16-Apr-21,15,Within 21 days of first dose,60-69,16,"72,425",1.4,22.1,12.6,35.9
16-Apr-21,15,Within 21 days of first dose,70-79,15,"11,503",0.3,130.4,72.9,215.1
16-Apr-21,15,Within 21 days of first dose,80+,44,"6,942",0.3,633.8,460.5,850.9
23-Apr-21,16,Within 21 days of first dose,10-59,8,"1,042,913",3.8,0.8,0.3,1.5
23-Apr-21,16,Within 21 days of first dose,60-69,6,"25,199",0.5,23.8,8.7,51.8
23-Apr-21,16,Within 21 days of first dose,70-79,13,"7,412",0.2,175.4,93.3,299.9
23-Apr-21,16,Within 21 days of first dose,80+,24,"4,544",0.2,528.2,338.3,785.9
30-Apr-21,17,Within 21 days of first dose,10-59,8,"1,207,366",4.4,0.7,0.3,1.3
30-Apr-21,17,Within 21 days of first dose,60-69,5,"16,755",0.3,29.8,9.6,69.6
30-Apr-21,17,Within 21 days of first dose,70-79,8,"5,904",0.1,135.5,58.3,267.0
30-Apr-21,17,Within 21 days of first dose,80+,13,"3,833",0.2,339.2,180.4,580.0
7-May-21,18,Within 21 days of first dose,10-59,19,"1,328,118",4.9,1.4,0.9,2.2
7-May-21,18,Within 21 days of first dose,60-69,3,"13,149",0.2,22.8,4.6,66.7
7-May-21,18,Within 21 days of first dose,70-79,5,"4,798",0.1,104.2,33.6,243.2
7-May-21,18,Within 21 days of first dose,80+,11,"3,067",0.1,358.7,178.8,641.8
14-May-21,19,Within 21 days of first dose,10-59,4,"1,464,666",5.4,0.3,0.1,0.7
14-May-21,19,Within 21 days of first dose,60-69,8,"12,922",0.2,61.9,26.7,122.0
14-May-21,19,Within 21 days of first dose,70-79,13,"4,427",0.1,293.7,156.2,502.2
14-May-21,19,Within 21 days of first dose,80+,6,"2,723",0.1,220.3,80.5,479.6
21-May-21,20,Within 21 days of first dose,10-59,2,"1,897,818",7,:,:,:
21-May-21,20,Within 21 days of first dose,60-69,4,"14,749",0.3,27.1,7.3,69.4
21-May-21,20,Within 21 days of first dose,70-79,1,"4,605",0.1,:,:,:
21-May-21,20,Within 21 days of first dose,80+,6,"2,632",0.1,228.0,83.2,496.2
28-May-21,21,Within 21 days of first dose,10-59,12,"2,144,129",7.9,0.6,0.3,1.0
28-May-21,21,Within 21 days of first dose,60-69,2,"16,027",0.3,:,:,:
28-May-21,21,Within 21 days of first dose,70-79,4,"4,785",0.1,83.6,22.5,214.0
28-May-21,21,Within 21 days of first dose,80+,8,"2,756",0.1,290.3,125.0,572.0
4-Jun-21,22,Within 21 days of first dose,10-59,7,"2,016,381",7.4,0.3,0.1,0.7
4-Jun-21,22,Within 21 days of first dose,60-69,0,"13,905",0.3,:,:,:
4-Jun-21,22,Within 21 days of first dose,70-79,7,"4,175",0.1,167.7,67.2,345.5
4-Jun-21,22,Within 21 days of first dose,80+,5,"2,341",0.1,213.6,68.8,498.4
11-Jun-21,23,Within 21 days of first dose,10-59,7,"1,793,294",6.6,0.4,0.2,0.8
11-Jun-21,23,Within 21 days of first dose,60-69,2,"11,158",0.2,:,:,:
11-Jun-21,23,Within 21 days of first dose,70-79,5,"3,571",0.1,140.0,45.1,326.8
11-Jun-21,23,Within 21 days of first dose,80+,3,"2,041",0.1,147.0,29.5,429.5
18-Jun-21,24,Within 21 days of first dose,10-59,4,"1,860,886",6.9,0.2,0.1,0.6
18-Jun-21,24,Within 21 days of first dose,60-69,3,"9,240",0.2,32.5,6.5,94.9
18-Jun-21,24,Within 21 days of first dose,70-79,3,"3,238",0.1,92.6,18.6,270.7
18-Jun-21,24,Within 21 days of first dose,80+,2,"1,846",0.1,:,:,:
25-Jun-21,25,Within 21 days of first dose,10-59,2,"2,213,723",8.2,:,:,:
25-Jun-21,25,Within 21 days of first dose,60-69,2,"8,940",0.2,:,:,:
25-Jun-21,25,Within 21 days of first dose,70-79,1,"3,232",0.1,:,:,:
25-Jun-21,25,Within 21 days of first dose,80+,5,"1,814",0.1,275.6,88.8,643.2
2-Jul-21,26,Within 21 days of first dose,10-59,3,"2,211,453",8.2,0.1,0.0,0.4
2-Jul-21,26,Within 21 days of first dose,60-69,2,"8,492",0.2,:,:,:
2-Jul-21,26,Within 21 days of first dose,70-79,4,"3,022",0.1,132.4,35.6,338.9
2-Jul-21,26,Within 21 days of first dose,80+,1,"1,605",0.1,:,:,:
9-Jul-21,27,Within 21 days of first dose,10-59,3,"1,781,793",6.6,0.2,0.0,0.5
9-Jul-21,27,Within 21 days of first dose,60-69,1,"7,809",0.1,:,:,:
9-Jul-21,27,Within 21 days of first dose,70-79,0,"2,632",0.1,:,:,:
9-Jul-21,27,Within 21 days of first dose,80+,3,"1,322",0.1,226.9,45.6,663.0
16-Jul-21,28,Within 21 days of first dose,10-59,3,"1,150,828",4.2,0.3,0.1,0.8
16-Jul-21,28,Within 21 days of first dose,60-69,0,"7,092",0.1,:,:,:
16-Jul-21,28,Within 21 days of first dose,70-79,1,"2,376",0.1,:,:,:
16-Jul-21,28,Within 21 days of first dose,80+,5,"1,167",0,428.4,138.1,999.9
23-Jul-21,29,Within 21 days of first dose,10-59,1,"714,727",2.6,:,:,:
23-Jul-21,29,Within 21 days of first dose,60-69,3,"6,250",0.1,48.0,9.6,140.2
23-Jul-21,29,Within 21 days of first dose,70-79,1,"2,082",0,:,:,:
23-Jul-21,29,Within 21 days of first dose,80+,0,"1,019",0,:,:,:
30-Jul-21,30,Within 21 days of first dose,10-59,2,"481,233",1.8,:,:,:
30-Jul-21,30,Within 21 days of first dose,60-69,0,"5,457",0.1,:,:,:
30-Jul-21,30,Within 21 days of first dose,70-79,2,"1,855",0,:,:,:
30-Jul-21,30,Within 21 days of first dose,80+,1,913,0,:,:,:
6-Aug-21,31,Within 21 days of first dose,10-59,1,"370,602",1.4,:,:,:
6-Aug-21,31,Within 21 days of first dose,60-69,1,"4,759",0.1,:,:,:
6-Aug-21,31,Within 21 days of first dose,70-79,3,"1,590",0,188.7,37.9,551.3
6-Aug-21,31,Within 21 days of first dose,80+,2,835,0,:,:,:
13-Aug-21,32,Within 21 days of first dose,10-59,0,"338,475",1.3,:,:,:
13-Aug-21,32,Within 21 days of first dose,60-69,3,"4,236",0.1,70.8,14.2,206.9
13-Aug-21,32,Within 21 days of first dose,70-79,2,"1,389",0,:,:,:
13-Aug-21,32,Within 21 days of first dose,80+,5,714,0,700.3,225.7,"1,634.2"
20-Aug-21,33,Within 21 days of first dose,10-59,1,"402,689",1.5,:,:,:
20-Aug-21,33,Within 21 days of first dose,60-69,1,"3,874",0.1,:,:,:
20-Aug-21,33,Within 21 days of first dose,70-79,2,"1,240",0,:,:,:
20-Aug-21,33,Within 21 days of first dose,80+,2,633,0,:,:,:
27-Aug-21,34,Within 21 days of first dose,10-59,0,"524,290",1.9,:,:,:
27-Aug-21,34,Within 21 days of first dose,60-69,0,"3,639",0.1,:,:,:
27-Aug-21,34,Within 21 days of first dose,70-79,1,"1,166",0,:,:,:
27-Aug-21,34,Within 21 days of first dose,80+,1,581,0,:,:,:
3-Sep-21,35,Within 21 days of first dose,10-59,1,"538,318",2,:,:,:
3-Sep-21,35,Within 21 days of first dose,60-69,0,"3,096",0.1,:,:,:
3-Sep-21,35,Within 21 days of first dose,70-79,0,978,0,:,:,:
3-Sep-21,35,Within 21 days of first dose,80+,2,501,0,:,:,:
10-Sep-21,36,Within 21 days of first dose,10-59,0,"446,643",1.7,:,:,:
10-Sep-21,36,Within 21 days of first dose,60-69,0,"2,814",0.1,:,:,:
10-Sep-21,36,Within 21 days of first dose,70-79,0,876,0,:,:,:
10-Sep-21,36,Within 21 days of first dose,80+,1,438,0,:,:,:
17-Sep-21,37,Within 21 days of first dose,10-59,0,"294,310",1.1,:,:,:
17-Sep-21,37,Within 21 days of first dose,60-69,2,"2,559",0,:,:,:
17-Sep-21,37,Within 21 days of first dose,70-79,0,765,0,:,:,:
17-Sep-21,37,Within 21 days of first dose,80+,0,360,0,:,:,:
24-Sep-21,38,Within 21 days of first dose,10-59,4,"231,831",0.9,1.7,0.5,4.4
24-Sep-21,38,Within 21 days of first dose,60-69,1,"2,553",0,:,:,:
24-Sep-21,38,Within 21 days of first dose,70-79,0,821,0,:,:,:
24-Sep-21,38,Within 21 days of first dose,80+,1,381,0,:,:,:
8-Jan-21,1,21 days or more after first dose,10-59,0,"38,593",0.1,:,:,:
8-Jan-21,1,21 days or more after first dose,60-69,0,"6,791",0.1,:,:,:
8-Jan-21,1,21 days or more after first dose,70-79,0,"1,584",0,:,:,:
8-Jan-21,1,21 days or more after first dose,80+,80,"42,082",1.7,190.1,150.7,236.6
15-Jan-21,2,21 days or more after first dose,10-59,3,"109,533",0.4,2.7,0.6,8.0
15-Jan-21,2,21 days or more after first dose,60-69,1,"21,260",0.4,:,:,:
15-Jan-21,2,21 days or more after first dose,70-79,9,"8,625",0.2,104.3,47.6,198.1
15-Jan-21,2,21 days or more after first dose,80+,366,"195,916",7.8,186.8,168.2,207.0
22-Jan-21,3,21 days or more after first dose,10-59,4,"203,186",0.7,2.0,0.5,5.0
22-Jan-21,3,21 days or more after first dose,60-69,3,"40,131",0.8,7.5,1.5,21.8
22-Jan-21,3,21 days or more after first dose,70-79,31,"28,921",0.7,107.2,72.8,152.2
22-Jan-21,3,21 days or more after first dose,80+,524,"298,258",11.9,175.7,161.0,191.4
29-Jan-21,4,21 days or more after first dose,10-59,10,"435,894",1.6,2.3,1.1,4.2
29-Jan-21,4,21 days or more after first dose,60-69,12,"83,458",1.6,14.4,7.4,25.1
29-Jan-21,4,21 days or more after first dose,70-79,66,"101,525",2.4,65.0,50.3,82.7
29-Jan-21,4,21 days or more after first dose,80+,796,"522,670",20.8,152.3,141.9,163.3
5-Feb-21,5,21 days or more after first dose,10-59,13,"865,106",3.2,1.5,0.8,2.6
5-Feb-21,5,21 days or more after first dose,60-69,25,"166,826",3.2,15.0,9.7,22.1
5-Feb-21,5,21 days or more after first dose,70-79,195,"325,624",7.6,59.9,51.8,68.9
5-Feb-21,5,21 days or more after first dose,80+,"1,674","1,062,863",42.4,157.5,150.0,165.2
12-Feb-21,6,21 days or more after first dose,10-59,33,"1,352,007",4.9,2.4,1.7,3.4
12-Feb-21,6,21 days or more after first dose,60-69,48,"279,320",5.3,17.2,12.7,22.8
12-Feb-21,6,21 days or more after first dose,70-79,363,"919,241",21.5,39.5,35.5,43.8
12-Feb-21,6,21 days or more after first dose,80+,"2,455","1,623,238",64.8,151.2,145.3,157.3
19-Feb-21,7,21 days or more after first dose,10-59,61,"1,793,407",6.6,3.4,2.6,4.4
19-Feb-21,7,21 days or more after first dose,60-69,89,"438,516",8.4,20.3,16.3,25.0
19-Feb-21,7,21 days or more after first dose,70-79,652,"1,889,112",44.2,34.5,31.9,37.3
19-Feb-21,7,21 days or more after first dose,80+,"3,191","1,868,146",74.6,170.8,164.9,176.8
26-Feb-21,8,21 days or more after first dose,10-59,60,"2,152,786",7.9,2.8,2.1,3.6
26-Feb-21,8,21 days or more after first dose,60-69,176,"721,644",13.8,24.4,20.9,28.3
26-Feb-21,8,21 days or more after first dose,70-79,895,"3,001,489",70.3,29.8,27.9,31.8
26-Feb-21,8,21 days or more after first dose,80+,"3,359","1,945,747",77.8,172.6,166.8,178.6
5-Mar-21,9,21 days or more after first dose,10-59,140,"2,548,102",9.3,5.5,4.6,6.5
5-Mar-21,9,21 days or more after first dose,60-69,244,"1,508,347",28.7,16.2,14.2,18.3
5-Mar-21,9,21 days or more after first dose,70-79,"1,077","3,727,878",87.2,28.9,27.2,30.7
5-Mar-21,9,21 days or more after first dose,80+,"3,122","1,930,937",77.2,161.7,156.1,167.5
12-Mar-21,10,21 days or more after first dose,10-59,164,"3,161,587",11.6,5.2,4.4,6.0
12-Mar-21,10,21 days or more after first dose,60-69,360,"2,533,952",48.3,14.2,12.8,15.8
12-Mar-21,10,21 days or more after first dose,70-79,"1,371","3,833,109",89.6,35.8,33.9,37.7
12-Mar-21,10,21 days or more after first dose,80+,"3,325","1,834,748",73.3,181.2,175.1,187.5
19-Mar-21,11,21 days or more after first dose,10-59,215,"4,023,895",14.7,5.3,4.7,6.1
19-Mar-21,11,21 days or more after first dose,60-69,417,"3,172,011",60.4,13.1,11.9,14.5
19-Mar-21,11,21 days or more after first dose,70-79,"1,325","3,825,350",89.4,34.6,32.8,36.6
19-Mar-21,11,21 days or more after first dose,80+,"3,244","1,721,045",68.7,188.5,182.1,195.1
26-Mar-21,12,21 days or more after first dose,10-59,228,"4,552,548",16.7,5.0,4.4,5.7
26-Mar-21,12,21 days or more after first dose,60-69,479,"3,690,455",70.2,13.0,11.8,14.2
26-Mar-21,12,21 days or more after first dose,70-79,"1,369","3,685,914",86.1,37.1,35.2,39.2
26-Mar-21,12,21 days or more after first dose,80+,"3,016","1,436,005",57.3,210.0,202.6,217.7
2-Apr-21,13,21 days or more after first dose,10-59,269,"4,899,612",18,5.5,4.9,6.2
2-Apr-21,13,21 days or more after first dose,60-69,515,"4,034,876",76.8,12.8,11.7,13.9
2-Apr-21,13,21 days or more after first dose,70-79,"1,256","3,254,729",76,38.6,36.5,40.8
2-Apr-21,13,21 days or more after first dose,80+,"2,717","880,804",35.2,308.5,297.0,320.3
9-Apr-21,14,21 days or more after first dose,10-59,303,"6,396,912",23.5,4.7,4.2,5.3
9-Apr-21,14,21 days or more after first dose,60-69,534,"4,205,714",80,12.7,11.6,13.8
9-Apr-21,14,21 days or more after first dose,70-79,"1,239","2,620,387",61.1,47.3,44.7,50.0
9-Apr-21,14,21 days or more after first dose,80+,"2,276","501,072",20,454.2,435.8,473.3
16-Apr-21,15,21 days or more after first dose,10-59,311,"7,704,635",28.3,4.0,3.6,4.5
16-Apr-21,15,21 days or more after first dose,60-69,542,"4,074,328",77.5,13.3,12.2,14.5
16-Apr-21,15,21 days or more after first dose,70-79,"1,168","1,769,691",41.3,66.0,62.3,69.9
16-Apr-21,15,21 days or more after first dose,80+,"1,875","279,470",11.1,670.9,640.9,702.0
23-Apr-21,16,21 days or more after first dose,10-59,345,"8,265,686",30.3,4.2,3.7,4.6
23-Apr-21,16,21 days or more after first dose,60-69,562,"3,703,152",70.4,15.2,13.9,16.5
23-Apr-21,16,21 days or more after first dose,70-79,"1,036","947,833",22.1,109.3,102.7,116.2
23-Apr-21,16,21 days or more after first dose,80+,"1,503","176,835",7,849.9,807.5,894.0
30-Apr-21,17,21 days or more after first dose,10-59,304,"8,018,946",29.4,3.8,3.4,4.2
30-Apr-21,17,21 days or more after first dose,60-69,505,"3,134,195",59.5,16.1,14.7,17.6
30-Apr-21,17,21 days or more after first dose,70-79,806,"418,959",9.8,192.4,179.3,206.1
30-Apr-21,17,21 days or more after first dose,80+,"1,213","122,829",4.9,987.6,932.8,"1,044.7"
7-May-21,18,21 days or more after first dose,10-59,276,"7,689,369",28.2,3.6,3.2,4.0
7-May-21,18,21 days or more after first dose,60-69,428,"2,399,957",45.6,17.8,16.2,19.6
7-May-21,18,21 days or more after first dose,70-79,643,"204,533",4.8,314.4,290.5,339.6
7-May-21,18,21 days or more after first dose,80+,"1,004","94,738",3.8,"1,059.8",995.2,"1,127.4"
14-May-21,19,21 days or more after first dose,10-59,290,"7,156,665",26.3,4.1,3.6,4.5
14-May-21,19,21 days or more after first dose,60-69,388,"1,698,317",32.2,22.8,20.6,25.2
14-May-21,19,21 days or more after first dose,70-79,465,"126,789",2.9,366.8,334.2,401.7
14-May-21,19,21 days or more after first dose,80+,767,"72,862",2.9,"1,052.7",979.5,"1,129.9"
21-May-21,20,21 days or more after first dose,10-59,246,"6,482,246",23.8,3.8,3.3,4.3
21-May-21,20,21 days or more after first dose,60-69,280,"1,124,158",21.3,24.9,22.1,28.0
21-May-21,20,21 days or more after first dose,70-79,370,"94,245",2.2,392.6,353.6,434.7
21-May-21,20,21 days or more after first dose,80+,614,"60,033",2.4,"1,022.8",943.5,"1,107.0"
28-May-21,21,21 days or more after first dose,10-59,210,"5,497,830",20.2,3.8,3.3,4.4
28-May-21,21,21 days or more after first dose,60-69,246,"596,527",11.3,41.2,36.2,46.7
28-May-21,21,21 days or more after first dose,70-79,339,"72,540",1.7,467.3,418.9,519.8
28-May-21,21,21 days or more after first dose,80+,504,"49,876",2,"1,010.5",924.2,"1,102.7"
4-Jun-21,22,21 days or more after first dose,10-59,165,"4,870,081",17.9,3.4,2.9,3.9
4-Jun-21,22,21 days or more after first dose,60-69,192,"320,208",6.1,60.0,51.8,69.1
4-Jun-21,22,21 days or more after first dose,70-79,274,"62,353",1.4,439.4,388.9,494.7
4-Jun-21,22,21 days or more after first dose,80+,421,"45,024",1.8,935.1,847.9,"1,028.8"
11-Jun-21,23,21 days or more after first dose,10-59,147,"4,359,043",16,3.4,2.8,4.0
11-Jun-21,23,21 days or more after first dose,60-69,191,"179,440",3.4,106.4,91.9,122.7
11-Jun-21,23,21 days or more after first dose,70-79,232,"53,396",1.2,434.5,380.4,494.1
11-Jun-21,23,21 days or more after first dose,80+,326,"40,029",1.6,814.4,728.4,907.8
18-Jun-21,24,21 days or more after first dose,10-59,122,"4,164,355",15.3,2.9,2.4,3.5
18-Jun-21,24,21 days or more after first dose,60-69,143,"123,802",2.3,115.5,97.4,136.1
18-Jun-21,24,21 days or more after first dose,70-79,188,"47,275",1.1,397.7,342.9,458.8
18-Jun-21,24,21 days or more after first dose,80+,290,"36,360",1.4,797.6,708.4,894.9
25-Jun-21,25,21 days or more after first dose,10-59,117,"4,047,270",14.9,2.9,2.4,3.5
25-Jun-21,25,21 days or more after first dose,60-69,114,"100,979",1.9,112.9,93.1,135.6
25-Jun-21,25,21 days or more after first dose,70-79,182,"43,235",1,421.0,362.0,486.8
25-Jun-21,25,21 days or more after first dose,80+,255,"33,656",1.3,757.7,667.5,856.6
2-Jul-21,26,21 days or more after first dose,10-59,114,"4,014,262",14.8,2.8,2.3,3.4
2-Jul-21,26,21 days or more after first dose,60-69,121,"89,833",1.7,134.7,111.8,160.9
2-Jul-21,26,21 days or more after first dose,70-79,144,"40,488",0.9,355.7,299.9,418.7
2-Jul-21,26,21 days or more after first dose,80+,212,"31,836",1.3,665.9,579.3,761.8
9-Jul-21,27,21 days or more after first dose,10-59,94,"4,194,907",15.5,2.2,1.8,2.7
9-Jul-21,27,21 days or more after first dose,60-69,79,"83,547",1.6,94.6,74.9,117.8
9-Jul-21,27,21 days or more after first dose,70-79,130,"38,913",0.9,334.1,279.1,396.7
9-Jul-21,27,21 days or more after first dose,80+,208,"30,592",1.2,679.9,590.6,778.9
16-Jul-21,28,21 days or more after first dose,10-59,78,"4,390,438",16.2,1.8,1.4,2.2
16-Jul-21,28,21 days or more after first dose,60-69,94,"78,172",1.5,120.2,97.2,147.2
16-Jul-21,28,21 days or more after first dose,70-79,110,"37,375",0.9,294.3,241.9,354.7
16-Jul-21,28,21 days or more after first dose,80+,181,"29,433",1.2,615.0,528.6,711.4
23-Jul-21,29,21 days or more after first dose,10-59,86,"4,332,598",16,2.0,1.6,2.5
23-Jul-21,29,21 days or more after first dose,60-69,66,"74,462",1.4,88.6,68.5,112.8
23-Jul-21,29,21 days or more after first dose,70-79,109,"36,192",0.8,301.2,247.3,363.3
23-Jul-21,29,21 days or more after first dose,80+,186,"28,472",1.1,653.3,562.8,754.2
30-Jul-21,30,21 days or more after first dose,10-59,62,"4,108,069",15.2,1.5,1.2,1.9
30-Jul-21,30,21 days or more after first dose,60-69,72,"71,121",1.3,101.2,79.2,127.5
30-Jul-21,30,21 days or more after first dose,70-79,105,"35,087",0.8,299.3,244.8,362.3
30-Jul-21,30,21 days or more after first dose,80+,160,"27,595",1.1,579.8,493.4,676.9
6-Aug-21,31,21 days or more after first dose,10-59,59,"3,755,357",13.9,1.6,1.2,2.0
6-Aug-21,31,21 days or more after first dose,60-69,65,"68,303",1.3,95.2,73.4,121.3
6-Aug-21,31,21 days or more after first dose,70-79,65,"34,094",0.8,190.6,147.1,243.0
6-Aug-21,31,21 days or more after first dose,80+,158,"26,880",1.1,587.8,499.7,686.9
13-Aug-21,32,21 days or more after first dose,10-59,64,"3,274,674",12.1,2.0,1.5,2.5
13-Aug-21,32,21 days or more after first dose,60-69,65,"66,092",1.2,98.3,75.9,125.4
13-Aug-21,32,21 days or more after first dose,70-79,82,"33,335",0.8,246.0,195.6,305.3
13-Aug-21,32,21 days or more after first dose,80+,146,"26,268",1,555.8,469.3,653.6
20-Aug-21,33,21 days or more after first dose,10-59,59,"2,739,609",10.1,2.2,1.6,2.8
20-Aug-21,33,21 days or more after first dose,60-69,57,"64,131",1.2,88.9,67.3,115.2
20-Aug-21,33,21 days or more after first dose,70-79,58,"32,624",0.8,177.8,135.0,229.8
20-Aug-21,33,21 days or more after first dose,80+,127,"25,748",1,493.2,411.2,586.9
27-Aug-21,34,21 days or more after first dose,10-59,51,"2,244,985",8.3,2.3,1.7,3.0
27-Aug-21,34,21 days or more after first dose,60-69,54,"62,016",1.2,87.1,65.4,113.6
27-Aug-21,34,21 days or more after first dose,70-79,62,"31,803",0.7,195.0,149.5,249.9
27-Aug-21,34,21 days or more after first dose,80+,103,"25,229",1,408.3,333.2,495.1
3-Sep-21,35,21 days or more after first dose,10-59,47,"1,939,107",7.2,2.4,1.8,3.2
3-Sep-21,35,21 days or more after first dose,60-69,47,"61,017",1.2,77.0,56.6,102.4
3-Sep-21,35,21 days or more after first dose,70-79,57,"31,412",0.7,181.5,137.4,235.1
3-Sep-21,35,21 days or more after first dose,80+,112,"24,940",1,449.1,369.8,540.4
10-Sep-21,36,21 days or more after first dose,10-59,44,"1,750,963",6.5,2.5,1.8,3.4
10-Sep-21,36,21 days or more after first dose,60-69,40,"59,948",1.1,66.7,47.7,90.9
10-Sep-21,36,21 days or more after first dose,70-79,70,"30,983",0.7,225.9,176.1,285.5
10-Sep-21,36,21 days or more after first dose,80+,114,"24,671",1,462.1,381.2,555.1
17-Sep-21,37,21 days or more after first dose,10-59,41,"1,705,321",6.3,2.4,1.7,3.3
17-Sep-21,37,21 days or more after first dose,60-69,41,"58,923",1.1,69.6,49.9,94.4
17-Sep-21,37,21 days or more after first dose,70-79,51,"30,570",0.7,166.8,124.2,219.4
17-Sep-21,37,21 days or more after first dose,80+,107,"24,458",1,437.5,358.5,528.7
24-Sep-21,38,21 days or more after first dose,10-59,34,"1,655,468",6.1,2.1,1.4,2.9
24-Sep-21,38,21 days or more after first dose,60-69,45,"57,552",1.1,78.2,57.0,104.6
24-Sep-21,38,21 days or more after first dose,70-79,46,"30,078",0.7,152.9,112.0,204.0
24-Sep-21,38,21 days or more after first dose,80+,92,"24,113",1,381.5,307.6,467.9
8-Jan-21,1,Second dose,10-59,0,"44,563",0.2,:,:,:
8-Jan-21,1,Second dose,60-69,1,"9,218",0.2,:,:,:
8-Jan-21,1,Second dose,70-79,0,"4,642",0.1,:,:,:
8-Jan-21,1,Second dose,80+,17,"209,613",8.3,8.1,4.7,13.0
15-Jan-21,2,Second dose,10-59,0,"70,452",0.3,:,:,:
15-Jan-21,2,Second dose,60-69,0,"14,810",0.3,:,:,:
15-Jan-21,2,Second dose,70-79,1,"10,524",0.2,:,:,:
15-Jan-21,2,Second dose,80+,100,"304,830",12.1,32.8,26.7,39.9
22-Jan-21,3,Second dose,10-59,1,"74,082",0.3,:,:,:
22-Jan-21,3,Second dose,60-69,1,"15,643",0.3,:,:,:
22-Jan-21,3,Second dose,70-79,2,"10,860",0.3,:,:,:
22-Jan-21,3,Second dose,80+,162,"306,635",12.2,52.8,45.0,61.6
29-Jan-21,4,Second dose,10-59,1,"77,230",0.3,:,:,:
29-Jan-21,4,Second dose,60-69,0,"16,350",0.3,:,:,:
29-Jan-21,4,Second dose,70-79,0,"11,186",0.3,:,:,:
29-Jan-21,4,Second dose,80+,164,"307,023",12.2,53.4,45.6,62.2
5-Feb-21,5,Second dose,10-59,1,"84,517",0.3,:,:,:
5-Feb-21,5,Second dose,60-69,1,"17,833",0.3,:,:,:
5-Feb-21,5,Second dose,70-79,2,"11,853",0.3,:,:,:
5-Feb-21,5,Second dose,80+,199,"307,710",12.3,64.7,56.0,74.3
12-Feb-21,6,Second dose,10-59,0,"93,412",0.3,:,:,:
12-Feb-21,6,Second dose,60-69,1,"19,738",0.4,:,:,:
12-Feb-21,6,Second dose,70-79,0,"12,852",0.3,:,:,:
12-Feb-21,6,Second dose,80+,220,"309,905",12.4,71.0,61.9,81.0
19-Feb-21,7,Second dose,10-59,2,"105,286",0.4,:,:,:
19-Feb-21,7,Second dose,60-69,1,"22,822",0.4,:,:,:
19-Feb-21,7,Second dose,70-79,3,"14,336",0.3,20.9,4.2,61.1
19-Feb-21,7,Second dose,80+,227,"311,210",12.4,72.9,63.8,83.1
26-Feb-21,8,Second dose,10-59,0,"141,603",0.5,:,:,:
26-Feb-21,8,Second dose,60-69,0,"31,093",0.6,:,:,:
26-Feb-21,8,Second dose,70-79,3,"17,174",0.4,17.5,3.5,51.0
26-Feb-21,8,Second dose,80+,240,"321,241",12.8,74.7,65.6,84.8
5-Mar-21,9,Second dose,10-59,1,"208,829",0.8,:,:,:
5-Mar-21,9,Second dose,60-69,3,"45,620",0.9,6.6,1.3,19.2
5-Mar-21,9,Second dose,70-79,9,"28,494",0.7,31.6,14.4,60.0
5-Mar-21,9,Second dose,80+,255,"395,157",15.8,64.5,56.9,73.0
12-Mar-21,10,Second dose,10-59,0,"314,865",1.2,:,:,:
12-Mar-21,10,Second dose,60-69,1,"67,628",1.3,:,:,:
12-Mar-21,10,Second dose,70-79,19,"45,592",1.1,41.7,25.1,65.1
12-Mar-21,10,Second dose,80+,345,"518,211",20.7,66.6,59.7,74.0
19-Mar-21,11,Second dose,10-59,5,"494,125",1.8,1.0,0.3,2.4
19-Mar-21,11,Second dose,60-69,2,"106,385",2,:,:,:
19-Mar-21,11,Second dose,70-79,20,"87,724",2.1,22.8,13.9,35.2
19-Mar-21,11,Second dose,80+,457,"647,821",25.9,70.5,64.2,77.3
26-Mar-21,12,Second dose,10-59,5,"807,129",3,0.6,0.2,1.4
26-Mar-21,12,Second dose,60-69,10,"184,824",3.5,5.4,2.6,10.0
26-Mar-21,12,Second dose,70-79,61,"250,434",5.8,24.4,18.6,31.3
26-Mar-21,12,Second dose,80+,656,"944,696",37.7,69.4,64.2,75.0
2-Apr-21,13,Second dose,10-59,14,"1,263,461",4.6,1.1,0.6,1.9
2-Apr-21,13,Second dose,60-69,31,"320,836",6.1,9.7,6.6,13.7
2-Apr-21,13,Second dose,70-79,132,"702,380",16.4,18.8,15.7,22.3
2-Apr-21,13,Second dose,80+,"1,026","1,511,077",60.3,67.9,63.8,72.2
9-Apr-21,14,Second dose,10-59,23,"1,689,651",6.2,1.4,0.9,2.0
9-Apr-21,14,Second dose,60-69,39,"489,040",9.3,8.0,5.7,10.9
9-Apr-21,14,Second dose,70-79,208,"1,362,058",31.8,15.3,13.3,17.5
9-Apr-21,14,Second dose,80+,"1,464","1,899,992",75.8,77.1,73.2,81.1
16-Apr-21,15,Second dose,10-59,33,"2,143,801",7.9,1.5,1.1,2.2
16-Apr-21,15,Second dose,60-69,68,"766,346",14.6,8.9,6.9,11.2
16-Apr-21,15,Second dose,70-79,358,"2,251,813",52.5,15.9,14.3,17.6
16-Apr-21,15,Second dose,80+,"1,870","2,130,402",85,87.8,83.8,91.8
23-Apr-21,16,Second dose,10-59,51,"2,605,033",9.6,2.0,1.5,2.6
23-Apr-21,16,Second dose,60-69,99,"1,206,463",22.9,8.2,6.7,10.0
23-Apr-21,16,Second dose,70-79,494,"3,167,871",73.8,15.6,14.2,17.0
23-Apr-21,16,Second dose,80+,"2,347","2,243,616",89.4,104.6,100.4,108.9
30-Apr-21,17,Second dose,10-59,85,"3,064,381",11.3,2.8,2.2,3.4
30-Apr-21,17,Second dose,60-69,142,"1,793,390",34.1,7.9,6.7,9.3
30-Apr-21,17,Second dose,70-79,685,"3,718,114",86.6,18.4,17.1,19.9
30-Apr-21,17,Second dose,80+,"2,548","2,302,641",91.7,110.7,106.4,115.0
7-May-21,18,Second dose,10-59,108,"3,729,768",13.7,2.9,2.4,3.5
7-May-21,18,Second dose,60-69,259,"2,537,174",48.2,10.2,9.0,11.5
7-May-21,18,Second dose,70-79,929,"3,939,496",91.7,23.6,22.1,25.1
7-May-21,18,Second dose,80+,"2,950","2,334,513",92.9,126.4,121.8,131.0
14-May-21,19,Second dose,10-59,142,"4,732,520",17.4,3.0,2.5,3.5
14-May-21,19,Second dose,60-69,289,"3,246,353",61.6,8.9,7.9,10.0
14-May-21,19,Second dose,70-79,"1,078","4,022,892",93.6,26.8,25.2,28.4
14-May-21,19,Second dose,80+,"3,216","2,359,356",93.9,136.3,131.6,141.1
21-May-21,20,Second dose,10-59,190,"5,779,050",21.2,3.3,2.8,3.8
21-May-21,20,Second dose,60-69,349,"3,826,681",72.6,9.1,8.2,10.1
21-May-21,20,Second dose,70-79,"1,144","4,059,855",94.4,28.2,26.6,29.9
21-May-21,20,Second dose,80+,"3,372","2,374,678",94.5,142.0,137.2,146.9
28-May-21,21,Second dose,10-59,220,"7,220,792",26.6,3.0,2.7,3.5
28-May-21,21,Second dose,60-69,446,"4,359,754",82.7,10.2,9.3,11.2
28-May-21,21,Second dose,70-79,"1,202","4,085,758",94.9,29.4,27.8,31.1
28-May-21,21,Second dose,80+,"3,285","2,386,653",94.9,137.6,133.0,142.4
4-Jun-21,22,Second dose,10-59,228,"8,454,397",31.1,2.7,2.4,3.1
4-Jun-21,22,Second dose,60-69,466,"4,643,404",88.1,10.0,9.1,11.0
4-Jun-21,22,Second dose,70-79,"1,317","4,100,247",95.2,32.1,30.4,33.9
4-Jun-21,22,Second dose,80+,"3,445","2,393,723",95.1,143.9,139.2,148.8
11-Jun-21,23,Second dose,10-59,277,"9,770,659",36,2.8,2.5,3.2
11-Jun-21,23,Second dose,60-69,514,"4,791,772",90.9,10.7,9.8,11.7
11-Jun-21,23,Second dose,70-79,"1,338","4,113,671",95.5,32.5,30.8,34.3
11-Jun-21,23,Second dose,80+,"3,430","2,400,809",95.4,142.9,138.1,147.7
18-Jun-21,24,Second dose,10-59,285,"10,668,457",39.3,2.7,2.4,3.0
18-Jun-21,24,Second dose,60-69,554,"4,853,981",92,11.4,10.5,12.4
18-Jun-21,24,Second dose,70-79,"1,354","4,123,838",95.7,32.8,31.1,34.6
18-Jun-21,24,Second dose,80+,"3,483","2,406,576",95.6,144.7,140.0,149.6
25-Jun-21,25,Second dose,10-59,345,"11,264,119",41.5,3.1,2.7,3.4
25-Jun-21,25,Second dose,60-69,572,"4,881,587",92.5,11.7,10.8,12.7
25-Jun-21,25,Second dose,70-79,"1,376","4,131,034",95.8,33.3,31.6,35.1
25-Jun-21,25,Second dose,80+,"3,446","2,411,240",95.7,142.9,138.2,147.8
2-Jul-21,26,Second dose,10-59,336,"11,878,770",43.8,2.8,2.5,3.1
2-Jul-21,26,Second dose,60-69,578,"4,897,642",92.8,11.8,10.9,12.8
2-Jul-21,26,Second dose,70-79,"1,560","4,137,307",95.9,37.7,35.9,39.6
2-Jul-21,26,Second dose,80+,"3,660","2,415,138",95.8,151.5,146.7,156.5
9-Jul-21,27,Second dose,10-59,355,"12,468,952",46,2.8,2.6,3.2
9-Jul-21,27,Second dose,60-69,622,"4,908,277",92.9,12.7,11.7,13.7
9-Jul-21,27,Second dose,70-79,"1,527","4,141,977",95.9,36.9,35.0,38.8
9-Jul-21,27,Second dose,80+,"3,889","2,418,180",95.9,160.8,155.8,166.0
16-Jul-21,28,Second dose,10-59,340,"13,105,121",48.4,2.6,2.3,2.9
16-Jul-21,28,Second dose,60-69,619,"4,918,511",93.1,12.6,11.6,13.6
16-Jul-21,28,Second dose,70-79,"1,520","4,146,156",96,36.7,34.8,38.6
16-Jul-21,28,Second dose,80+,"3,758","2,420,649",96,155.2,150.3,160.3
23-Jul-21,29,Second dose,10-59,403,"13,743,102",50.7,2.9,2.7,3.2
23-Jul-21,29,Second dose,60-69,766,"4,926,389",93.2,15.5,14.5,16.7
23-Jul-21,29,Second dose,70-79,"1,770","4,150,501",96,42.6,40.7,44.7
23-Jul-21,29,Second dose,80+,"4,379","2,423,002",96,180.7,175.4,186.2
30-Jul-21,30,Second dose,10-59,411,"14,308,774",52.8,2.9,2.6,3.2
30-Jul-21,30,Second dose,60-69,680,"4,933,722",93.3,13.8,12.8,14.9
30-Jul-21,30,Second dose,70-79,"1,652","4,153,746",96.1,39.8,37.9,41.7
30-Jul-21,30,Second dose,80+,"3,820","2,424,639",96.1,157.5,152.6,162.6
6-Aug-21,31,Second dose,10-59,381,"14,862,577",54.9,2.6,2.3,2.8
6-Aug-21,31,Second dose,60-69,671,"4,940,429",93.4,13.6,12.6,14.6
6-Aug-21,31,Second dose,70-79,"1,577","4,157,055",96.1,37.9,36.1,39.9
6-Aug-21,31,Second dose,80+,"3,953","2,426,801",96.1,162.9,157.9,168.0
13-Aug-21,32,Second dose,10-59,405,"15,487,715",57.3,2.6,2.4,2.9
13-Aug-21,32,Second dose,60-69,691,"4,946,335",93.5,14.0,12.9,15.1
13-Aug-21,32,Second dose,70-79,"1,619","4,159,687",96.1,38.9,37.0,40.9
13-Aug-21,32,Second dose,80+,"4,014","2,428,869",96.2,165.3,160.2,170.5
20-Aug-21,33,Second dose,10-59,399,"16,130,673",59.7,2.5,2.2,2.7
20-Aug-21,33,Second dose,60-69,713,"4,951,729",93.5,14.4,13.4,15.5
20-Aug-21,33,Second dose,70-79,"1,656","4,162,177",96.2,39.8,37.9,41.8
20-Aug-21,33,Second dose,80+,"4,011","2,430,754",96.2,165.0,159.9,170.2
27-Aug-21,34,Second dose,10-59,366,"16,716,007",61.8,2.2,2.0,2.4
27-Aug-21,34,Second dose,60-69,665,"4,957,086",93.6,13.4,12.4,14.5
27-Aug-21,34,Second dose,70-79,"1,682","4,164,566",96.2,40.4,38.5,42.4
27-Aug-21,34,Second dose,80+,"3,996","2,432,584",96.2,164.3,159.2,169.4
3-Sep-21,35,Second dose,10-59,399,"17,133,651",63.4,2.3,2.1,2.6
3-Sep-21,35,Second dose,60-69,724,"4,961,400",93.7,14.6,13.5,15.7
3-Sep-21,35,Second dose,70-79,"1,646","4,166,451",96.2,39.5,37.6,41.5
3-Sep-21,35,Second dose,80+,"4,032","2,434,299",96.2,165.6,160.6,170.8
10-Sep-21,36,Second dose,10-59,477,"17,493,725",64.8,2.7,2.5,3.0
10-Sep-21,36,Second dose,60-69,722,"4,965,243",93.7,14.5,13.5,15.6
10-Sep-21,36,Second dose,70-79,"1,876","4,168,392",96.2,45.0,43.0,47.1
10-Sep-21,36,Second dose,80+,"4,567","2,435,944",96.3,187.5,182.1,193.0
17-Sep-21,37,Second dose,10-59,394,"17,750,109",65.8,2.2,2.0,2.5
17-Sep-21,37,Second dose,60-69,744,"4,969,499",93.7,15.0,13.9,16.1
17-Sep-21,37,Second dose,70-79,"1,695","4,170,003",96.3,40.6,38.7,42.6
17-Sep-21,37,Second dose,80+,"4,000","2,437,192",96.3,164.1,159.1,169.3
24-Sep-21,38,Second dose,10-59,400,"17,924,346",66.4,2.2,2.0,2.5
24-Sep-21,38,Second dose,60-69,638,"4,973,647",93.8,12.8,11.9,13.9
24-Sep-21,38,Second dose,70-79,"1,553","4,171,936",96.3,37.2,35.4,39.1
24-Sep-21,38,Second dose,80+,"3,839","2,439,328",96.3,157.4,152.4,162.4